id,firstname,lastname,email
05f1320f-ef44-4fc1-908e-a28415476b53,Asia,Kenwood,Asia.Kenwood@gmail.com
3a211432-322d-45d7-a592-e929f720edec,Justinn,Craggie,Justinn.Craggie@gmail.com
547b954d-3e13-4bec-9922-c07e9f33d023,Mariann,Audly,Mariann.Audly@gmail.com
bb7dc795-fce8-4eca-9792-b6e0f996222d,Ivett,McGrody,Ivett.McGrody@gmail.com
efe81c36-b5f6-4db3-a895-f444d413c628,Jasmina,Thilda,Jasmina.Thilda@gmail.com
8f98d6e3-3305-43ae-8fac-e667ea9267aa,Brandise,Maples,Brandise.Maples@gmail.com
0b4aa77c-03c0-40f3-89b6-e98db83a1fbb,Wendi,Breed,Wendi.Breed@gmail.com
9527b35f-ac5c-4995-8186-d077ec58b6ba,Oralee,Secrest,Oralee.Secrest@gmail.com
4ed67fef-f3fd-45ca-8de2-9f7fe5d827a3,Eugine,Berne,Eugine.Berne@gmail.com
27dbc174-4fe9-45d2-8586-f7dbd88e65d4,Gerrie,Reidar,Gerrie.Reidar@gmail.com
26afda75-6062-49db-a6c0-5f6115a5c49c,Rosaline,Rebecka,Rosaline.Rebecka@gmail.com
34703fb5-7144-46eb-aa53-45a096e17aaa,Lisette,Tjon,Lisette.Tjon@gmail.com
a6e9364d-2411-4eca-9a9f-fb6b2ce29942,Minda,Brieta,Minda.Brieta@gmail.com
f0d7e1b1-778c-4ffc-b518-d0737d7d743b,Candy,Dominy,Candy.Dominy@gmail.com
a05dd03e-2a6b-4e48-99f1-4f8632966db1,Carlie,Papageno,Carlie.Papageno@gmail.com
af6d59ac-a93b-4ed7-a4ca-26695ed39ec2,Agathe,Kannry,Agathe.Kannry@gmail.com
dbbed80e-835e-4b32-abbb-f4e9ace43a3a,Penelopa,Erminia,Penelopa.Erminia@gmail.com
c99181d2-734c-4180-bad4-c9e7df36c01c,Eugine,Rossner,Eugine.Rossner@gmail.com
078824ef-ec25-413c-af0c-2826f354bb9a,Gerianna,Dahlia,Gerianna.Dahlia@gmail.com
c03f971c-2664-4332-86a1-4bed508aee64,Susan,Sammons,Susan.Sammons@gmail.com
5241283f-2431-48b9-867f-d076fa8806f5,Emilia,Dorothy,Emilia.Dorothy@gmail.com
f3dbcc5e-4eaf-4593-a999-a0253e51ec2e,Benita,Roumell,Benita.Roumell@gmail.com
d9cd8041-ea32-48eb-b521-016ece834f95,Celestyna,Penelopa,Celestyna.Penelopa@gmail.com
22b399a9-d5a7-4325-90a4-5ce1eae8cc33,Melanie,Kelula,Melanie.Kelula@gmail.com
81a28aac-862d-460d-85fa-4e61a8f645e1,Renie,LaRue,Renie.LaRue@gmail.com
96458c9a-0415-40d7-a6c2-1eac6c1f9279,Maurene,Lory,Maurene.Lory@gmail.com
aba1a7bf-5170-4138-b943-d1bfa841f1e7,Maridel,Mehalek,Maridel.Mehalek@gmail.com
84e24ea7-4568-4dd4-9825-a15d9830f966,Jany,Stilwell,Jany.Stilwell@gmail.com
f2e1f359-d642-4e4f-ae3f-e374276151d8,Barbi,Juan,Barbi.Juan@gmail.com
771ada42-7435-454c-b918-979cd97e312b,Winifred,Sekofski,Winifred.Sekofski@gmail.com
67d1ba31-17a7-4e72-af2d-b81cefcff3f6,Shandie,Sherrie,Shandie.Sherrie@gmail.com
e80b0346-87a3-4ab0-a147-af69dd31570f,Lorne,Fleeta,Lorne.Fleeta@gmail.com
8913494f-f2dd-4655-806c-b8a4d100f027,Liana,Fleeta,Liana.Fleeta@gmail.com
dcb1d207-a6f2-46d5-9838-ffccc279ba34,Charlena,Santoro,Charlena.Santoro@gmail.com
42b29ce1-8879-40dc-b712-c2ac34945a96,Gisela,Ardeha,Gisela.Ardeha@gmail.com
13722e64-d901-4950-867d-a5feb5b9d500,Belva,Abbot,Belva.Abbot@gmail.com
f766dc44-ddc0-4fd8-bfef-73a4e2553a55,Rayna,Blisse,Rayna.Blisse@gmail.com
3504c4b6-8451-4e46-a793-bc06251d5732,Mureil,Neva,Mureil.Neva@gmail.com
49b43200-5052-467b-b4bf-1c505f7a5a28,Gwenneth,Lemuela,Gwenneth.Lemuela@gmail.com
43761e42-fa4f-4c5a-b8fc-aa5881f0a02f,Therine,Mendez,Therine.Mendez@gmail.com
6f715dd4-db12-45b5-bdcd-984ff402c793,Tilly,Eldrid,Tilly.Eldrid@gmail.com
f62c5c48-6710-4151-9b14-18b82534c807,Ronna,Suzetta,Ronna.Suzetta@gmail.com
66712620-8608-459f-a3e7-7c467f2fb0ad,Jorry,Erminia,Jorry.Erminia@gmail.com
8c84c842-f244-405d-ba02-8aeb81883561,Lynnea,Gino,Lynnea.Gino@gmail.com
07f104d3-a70f-44f5-9fb5-2429af016353,Sonni,Marsden,Sonni.Marsden@gmail.com
2d5f8e6e-f965-451e-ae6d-d5996809058d,Mellicent,Hebner,Mellicent.Hebner@gmail.com
dd026bdf-6e7e-4e0e-9dc1-0dc38e40134b,Alisha,Malanie,Alisha.Malanie@gmail.com
e332a776-b83d-4eca-ad12-463e1bb3bfef,Kittie,Shields,Kittie.Shields@gmail.com
002c362d-0358-4ae6-8c1e-fabcb204dfe9,Kore,Oneida,Kore.Oneida@gmail.com
e3ce822b-72f3-4452-9741-18e135849a89,Ezmeralda,Ammann,Ezmeralda.Ammann@gmail.com
6d115363-0e14-4f24-9fc0-deaaae38c0b0,Allyce,Sinegold,Allyce.Sinegold@gmail.com
2984ab2a-f6cd-42c6-a013-c5e81bced66b,Tina,Georas,Tina.Georas@gmail.com
6405d40d-2e58-4dbb-b8ae-e1705331fd65,Judy,Tatianas,Judy.Tatianas@gmail.com
47426530-8622-458b-8736-b46e2dfe3edb,Lulita,Old,Lulita.Old@gmail.com
e340ce9d-9f53-4599-99fd-5bca682f9c85,Dawn,Delp,Dawn.Delp@gmail.com
b2057c7a-98fb-4cbb-9e9d-b962517b79f2,Melodie,Marisa,Melodie.Marisa@gmail.com
2865ef39-aee4-406d-b1ec-982ebe820331,Kelly,Yate,Kelly.Yate@gmail.com
fd5ab36e-2c97-449d-af56-8181f7b3e1ff,Josephine,Land,Josephine.Land@gmail.com
46ddfdb9-a250-4fb1-8b7f-ec7cc25c7bff,Pierette,Zrike,Pierette.Zrike@gmail.com
f283cc1c-2801-4b32-9bcf-93eb6f90e318,Kassey,Poll,Kassey.Poll@gmail.com
8864d832-d393-4eaf-8ec4-fd3ee5de2af5,Annabela,Hunfredo,Annabela.Hunfredo@gmail.com
a3cbc5ac-d355-4a12-92e9-e723f964938a,Deloria,Girardo,Deloria.Girardo@gmail.com
e94a1588-6405-4b76-85f5-06060b146eb0,Rani,Ioab,Rani.Ioab@gmail.com
96789998-03f4-4118-8c0b-a604873d9961,Codie,Noelyn,Codie.Noelyn@gmail.com
9529c670-ab54-4822-a1e3-5db6390846be,Cathyleen,Gamaliel,Cathyleen.Gamaliel@gmail.com
01c4f2b6-a80b-44bb-910b-6ff7bfc17ad9,Kary,Jobi,Kary.Jobi@gmail.com
fe9b6e0c-21e8-4117-ae34-1300ac3acfce,Georgina,Ranjiv,Georgina.Ranjiv@gmail.com
1bacab94-8a33-462b-8788-d4a3c69c16fb,Jacquetta,Teryn,Jacquetta.Teryn@gmail.com
a3869347-d4e7-44c4-8bf6-ec63cdfc8bf0,Feliza,Mitzi,Feliza.Mitzi@gmail.com
2064eb1b-ee69-4b61-bb3a-9856d816b105,Nananne,Septima,Nananne.Septima@gmail.com
e982d760-7d60-4d6d-9f71-028e8287ef50,Margette,Schonfeld,Margette.Schonfeld@gmail.com
f453a8b8-b871-4ecf-9ab5-76177b9fe648,Mariann,Gladstone,Mariann.Gladstone@gmail.com
ab856907-78b1-4793-bf3e-408eec769bf6,Kate,Payson,Kate.Payson@gmail.com
a448bfc8-604e-469f-bb75-adb09d5c9b0c,Kary,Allare,Kary.Allare@gmail.com
646a18b1-9885-4643-8992-8458031fc30f,Wanda,Connelly,Wanda.Connelly@gmail.com
d0236786-66b0-4fee-862d-3a3a40cabd6b,Fayre,Elbertina,Fayre.Elbertina@gmail.com
8f14e74b-9957-450a-adf2-2e43bb706753,Betta,Barbey,Betta.Barbey@gmail.com
628b9b8b-c058-4dfc-aae4-0c735b19dae5,Valeda,Read,Valeda.Read@gmail.com
a4bb2bac-a3a6-49e1-a3cf-c9c021d18cf9,Charissa,Dimitris,Charissa.Dimitris@gmail.com
438c7d52-e17e-4860-b541-7df2f6b99c40,Beverley,Masao,Beverley.Masao@gmail.com
0481ee8f-0bcb-4f98-a665-b66c2cf6e07d,Anallese,Pierette,Anallese.Pierette@gmail.com
2a6a3bcb-75d4-489d-b990-71947de12e51,Cordi,Milde,Cordi.Milde@gmail.com
e58245c3-2e36-4ba1-b5be-e4264813df2d,Debee,Haerr,Debee.Haerr@gmail.com
29503ab1-a439-47db-80c9-d10ee2e42d7b,Rori,Kermit,Rori.Kermit@gmail.com
6ca3cf15-aee6-4a62-aab1-02607f043de4,Jacenta,Gale,Jacenta.Gale@gmail.com
4ac002b2-9a81-4dc4-9c7a-a04df2403981,Paulita,Delacourt,Paulita.Delacourt@gmail.com
8224f935-b219-46d1-8f1e-7b542903953a,Linet,Salchunas,Linet.Salchunas@gmail.com
bc47ac49-490a-4b15-8690-1c49be8c8b35,Odessa,Parette,Odessa.Parette@gmail.com
ed98963f-a024-42e9-8df0-3de2b302ee86,Verla,Evangelia,Verla.Evangelia@gmail.com
40b58cee-78e5-4dac-ac1b-48296a31e327,Tomasina,Yate,Tomasina.Yate@gmail.com
dfc14bf3-1c81-485d-bab0-0ca551d4d96b,Marita,Magdalen,Marita.Magdalen@gmail.com
a4b0cfe3-ef58-4e57-a5ee-835393706913,Larine,Zetta,Larine.Zetta@gmail.com
ce06ea4c-c446-4e0e-a8ae-5501b92c5785,Leeanne,Lanita,Leeanne.Lanita@gmail.com
ea3759a5-8a8c-42d0-8dba-c1b97934fb16,Kial,Sacken,Kial.Sacken@gmail.com
b40ec2c4-2075-4c24-be4b-1cfff9e19756,Beth,Alarise,Beth.Alarise@gmail.com
6e754ad6-ee56-4ec3-b6fa-a5a37d6e4bc8,Leona,Pierette,Leona.Pierette@gmail.com
6bb79668-1bdc-44f0-b763-65a0e84842f6,Vevay,Himelman,Vevay.Himelman@gmail.com
805213bf-9a75-4347-8aa2-d64ed4ff8981,Janenna,Loeb,Janenna.Loeb@gmail.com
197d0c73-d069-4cbd-9be5-f0e5f039356f,Imojean,Goth,Imojean.Goth@gmail.com
58c8744e-886d-4d1e-8254-6776fd31f9f6,Joy,Fontana,Joy.Fontana@gmail.com
f27f972f-84cf-4e5a-b54b-0f8784efe7bc,Lolita,Zola,Lolita.Zola@gmail.com
300ed439-cb37-4966-86da-a35c0b1ed777,Sheelagh,Georas,Sheelagh.Georas@gmail.com
dd13d2e4-f47d-4eba-bba5-9789675d7a0c,Veda,Paton,Veda.Paton@gmail.com
9922dc5f-81e3-418c-af7a-758af32fd827,Mignon,Mandler,Mignon.Mandler@gmail.com
923b9627-4be0-4ab6-a605-802f8e2774c1,Morganica,Byrne,Morganica.Byrne@gmail.com
c47cbf8d-8dd9-4376-b063-3878e33a7c03,Darlleen,Tomasina,Darlleen.Tomasina@gmail.com
b04ff88c-c747-4887-9c88-0649f34e031e,Barbi,Timon,Barbi.Timon@gmail.com
da51a1b1-d58b-47c3-81bd-023b7b0e6c23,Tina,Naashom,Tina.Naashom@gmail.com
10e899db-d4e7-4c18-811f-1d62b6bcb37f,Averyl,Billye,Averyl.Billye@gmail.com
fe9e2dad-a4a7-4ff3-95ec-68e6ff32704c,Katharina,Brittani,Katharina.Brittani@gmail.com
755758b2-9740-4356-b9f8-3464575f79d1,Katleen,Agle,Katleen.Agle@gmail.com
710f936e-7769-4583-97c5-1c18f3f03c63,Suzette,Dituri,Suzette.Dituri@gmail.com
0ac9617b-449f-4634-9446-74e48171b851,Drucie,Brunell,Drucie.Brunell@gmail.com
754e47b3-4a76-4b78-9083-ed9657320f95,Netty,Cohdwell,Netty.Cohdwell@gmail.com
899e386b-f8f3-4fb8-b33e-9f06844b95e9,Sindee,Gower,Sindee.Gower@gmail.com
608c0ca9-e70d-4d79-bfdb-5adc923bd0c7,Trixi,Gaal,Trixi.Gaal@gmail.com
6ddcb5c0-194a-4702-9925-6fbfe28c28fc,Claresta,Lilybelle,Claresta.Lilybelle@gmail.com
68c228d3-19a2-4206-83b8-1f022932b682,Kathy,Imelida,Kathy.Imelida@gmail.com
cb4eb231-f3ed-402b-aeb4-a7887ec8c856,Letizia,Gabrielli,Letizia.Gabrielli@gmail.com
d32d7587-fc08-48f0-a485-32f97065c41f,Nelle,Etom,Nelle.Etom@gmail.com
ebf142b5-c575-4b84-810f-662e910656a8,Sarette,Bobbee,Sarette.Bobbee@gmail.com
45468bf4-cc99-449d-a1e2-3a03b4ca5a7e,Halette,Donoghue,Halette.Donoghue@gmail.com
1573152a-bb2d-4761-888d-7f3f3127b2d4,Nadine,Wilkinson,Nadine.Wilkinson@gmail.com
e07bd6f9-f9a8-4258-a6f8-684b462ef13e,Maisey,Latini,Maisey.Latini@gmail.com
7a5c5885-28d9-4450-8490-fe4d40d54418,Vonny,Thornburg,Vonny.Thornburg@gmail.com
69b261cf-7687-45b2-a695-32fa565cf1ad,Albertina,Truc,Albertina.Truc@gmail.com
0526d32d-bfda-451f-8e74-f00b1c427c81,Siana,Tayib,Siana.Tayib@gmail.com
e5100d06-d384-4bd8-9759-0502ef0547d2,Katleen,Sigfrid,Katleen.Sigfrid@gmail.com
a9159792-483f-4a6c-b6d8-25488ad77551,Sidoney,Poll,Sidoney.Poll@gmail.com
2f40549f-7280-4fac-80f6-a2dfaccdf19b,Tersina,Federica,Tersina.Federica@gmail.com
f9ed19d5-3dc3-454e-904c-a67109e18e93,Zondra,Edvard,Zondra.Edvard@gmail.com
00dea2d2-d915-4cf1-ae33-7eeaab7d9faa,Netty,Trey,Netty.Trey@gmail.com
5085e655-2db5-4f00-b808-4b1074b5a60a,Correy,Kronfeld,Correy.Kronfeld@gmail.com
fa7cd0b1-eb47-460f-b698-03a24fc32681,Betta,LaRue,Betta.LaRue@gmail.com
e3abca97-a738-4f48-a30f-24b26a9f33a0,Gratia,Alarise,Gratia.Alarise@gmail.com
a6ebf99c-6f1d-47bb-922f-b370f2e0ffa2,Isa,Smitt,Isa.Smitt@gmail.com
23d0f9c0-7e93-463a-8e40-27c9c8830c1a,Paule,Himelman,Paule.Himelman@gmail.com
ffce5d16-92ad-4a7d-bb4c-268cde516f7c,Nonnah,Arley,Nonnah.Arley@gmail.com
08cd67a6-88ac-4c5b-8209-80df405cd119,Ellette,Hollingsworth,Ellette.Hollingsworth@gmail.com
d72c268c-4959-4500-bb9f-289c1692b69f,Jordan,Tayib,Jordan.Tayib@gmail.com
5205dc9b-04c3-4779-bf0e-3fb7f04ca06c,Sandie,Merat,Sandie.Merat@gmail.com
defc157a-ded1-4867-814a-f576be85f214,Daryl,Craggie,Daryl.Craggie@gmail.com
51c9bf79-cea2-41d1-be3d-649702232d27,Lucy,Weaks,Lucy.Weaks@gmail.com
09b46352-f4f2-48dd-be08-cbdae8a9515f,Amara,Sothena,Amara.Sothena@gmail.com
3c146e9a-7df6-47c9-8c6d-2b7fc7191b83,Dorene,Presber,Dorene.Presber@gmail.com
d50b4481-c1f5-4e33-8896-b2c157bb9b54,Meg,Angelis,Meg.Angelis@gmail.com
26e4aadd-d825-440a-a342-613c9d3c6d50,Kittie,Delacourt,Kittie.Delacourt@gmail.com
d6453087-d522-4b18-ac41-49fb6d099c09,Wendi,Arvo,Wendi.Arvo@gmail.com
7d2769b1-8b80-4c6f-b1b4-e9884d1c5194,Agnese,Bollay,Agnese.Bollay@gmail.com
021b105f-aee0-4cfd-8888-62511a10cc57,Rori,Taam,Rori.Taam@gmail.com
7abc0540-16a3-4761-bb60-03a04b3dbf2e,Angelique,Mich,Angelique.Mich@gmail.com
50af3ea7-f4e8-4bec-a364-22a1bdc4e1c1,Kate,Martsen,Kate.Martsen@gmail.com
83adabf5-ec72-4b88-8dda-1f5e277d503f,Willetta,Alcott,Willetta.Alcott@gmail.com
6c604e36-c2e1-4817-b247-3785f7f06b0b,Lanae,Bendick,Lanae.Bendick@gmail.com
d446f5fc-8d5c-43a0-bf87-c5895d62e9fb,Corene,Lorenz,Corene.Lorenz@gmail.com
bed37694-0a65-49b2-a093-c0ea5108e359,Nerta,Old,Nerta.Old@gmail.com
2efdf302-3c1a-4689-ac35-dd65f84fc437,Jasmina,Bari,Jasmina.Bari@gmail.com
5f63fd43-0509-4bb8-b0f9-d057c8fe44ad,Damaris,Sammons,Damaris.Sammons@gmail.com
030f2bf0-af97-40f8-8a92-b9be9d7b1c80,Brandise,Wildermuth,Brandise.Wildermuth@gmail.com
d73b3302-2fb0-4965-bab5-454ab98a6418,Cristabel,Connelly,Cristabel.Connelly@gmail.com
5fac27b0-772c-4df9-a7ff-4ecd8e17e74e,Pearline,Moina,Pearline.Moina@gmail.com
f8192d5f-47c4-40cd-a64e-cccab66b3254,Gabi,Mullane,Gabi.Mullane@gmail.com
706ab845-5957-44a1-8249-af16a63d5112,Madeleine,Shirberg,Madeleine.Shirberg@gmail.com
140c2476-0f6a-448f-bd3a-d0b0afb3962c,Bobinette,Halla,Bobinette.Halla@gmail.com
c91ef62a-0797-44aa-bbb6-07eda6ea53dd,Nadine,Arquit,Nadine.Arquit@gmail.com
5af25ef0-548b-46f5-8445-29b303ca13ba,Arlena,Lucienne,Arlena.Lucienne@gmail.com
af92467a-86c5-497f-bec2-d539d0a606fc,Helena,Nelsen,Helena.Nelsen@gmail.com
77b91e62-fba5-4880-8010-bb002c6dfd79,Ofilia,Elvyn,Ofilia.Elvyn@gmail.com
84e12941-8020-4224-b86b-de762156d5fb,Althea,Bergman,Althea.Bergman@gmail.com
a7699c49-881b-4174-8536-c6501f2e9aab,Christal,Rillings,Christal.Rillings@gmail.com
4724cb7f-5aa8-4d8d-88ff-bae808a73fa8,Sybille,Fairweather,Sybille.Fairweather@gmail.com
110f4dce-5c5b-4f75-b228-eb2cdaaca126,Dolli,Sibyls,Dolli.Sibyls@gmail.com
416b67c0-5e67-4dea-8597-859125c15b0f,Elvira,Haerr,Elvira.Haerr@gmail.com
aa576d6c-ab2f-418f-93b9-cb4cd88a3ac7,Grier,Kellby,Grier.Kellby@gmail.com
6806e4fe-9162-4582-84db-03f6cca022bf,Charissa,Rolf,Charissa.Rolf@gmail.com
335e0cee-cf69-4959-9889-3c655ca8d5ff,Roz,Quent,Roz.Quent@gmail.com
9625d09c-fda0-4672-9857-ede66fed1c5b,Tatiania,Gaynor,Tatiania.Gaynor@gmail.com
6419fccd-f457-412c-aecc-e6a06350a9b8,Stephanie,Lilas,Stephanie.Lilas@gmail.com
2cf0fd64-9556-4017-b2dd-141ca3eb879a,Millie,Jeanne,Millie.Jeanne@gmail.com
13938d5b-6185-47c9-a2c5-7945af841f66,Winifred,Percy,Winifred.Percy@gmail.com
1ce8fc43-e042-400a-a2df-029387356f02,Imojean,Sadowski,Imojean.Sadowski@gmail.com
3fe4ef77-ca75-4cee-9d62-1ad2532c8308,Ardeen,Himelman,Ardeen.Himelman@gmail.com
300cd198-8019-4edd-ad21-e5b584cdcbf6,Elise,Robertson,Elise.Robertson@gmail.com
96b9f46b-5126-490d-8c40-5ab5b89694e9,Keelia,Hieronymus,Keelia.Hieronymus@gmail.com
8166cd24-eb8f-49a2-94c8-cb81eb766f4b,Carmencita,Sparhawk,Carmencita.Sparhawk@gmail.com
95beb1d7-af35-451d-b94a-28f643d77950,Millie,Hazlett,Millie.Hazlett@gmail.com
4fe0ad10-94d8-4774-a2f9-ca017f675f23,Marcelline,Verger,Marcelline.Verger@gmail.com
024c31fb-739a-45cc-bca5-7521dda44887,Therine,Edvard,Therine.Edvard@gmail.com
f0cbbf2d-fb86-4950-b77e-d4f824802ed7,Frank,Swanhildas,Frank.Swanhildas@gmail.com
fa610526-5e33-4bab-a6c2-7ca3fe85ce14,Berta,Tremayne,Berta.Tremayne@gmail.com
47cb519b-2cc1-4bae-b993-97271236ced4,Berget,Gwenore,Berget.Gwenore@gmail.com
6d1815d4-19fa-40ec-919f-3ae9bb1cc3e9,Henriette,Ammann,Henriette.Ammann@gmail.com
afab465e-aba7-4b79-b9a2-48d4e6a7dc56,Isa,Atonsah,Isa.Atonsah@gmail.com
578f5b6e-a420-44c1-b812-7ae58c2beca4,Calla,Pulsifer,Calla.Pulsifer@gmail.com
324b1b80-564d-4dd4-a7a6-dc8e0c31a34b,Talya,Tremayne,Talya.Tremayne@gmail.com
dfe5f5d8-13bb-485f-ae5b-b8dc339b8a23,Sharai,Kare,Sharai.Kare@gmail.com
5a3104e7-f207-4bcc-b928-c8eb2b2973d5,Lorie,Georgy,Lorie.Georgy@gmail.com
6265b050-ec74-46f4-88c1-52af592bc247,Dorene,Corrine,Dorene.Corrine@gmail.com
b4df8f3e-0dbc-488b-98f5-f1815745d13d,Ardys,Telfer,Ardys.Telfer@gmail.com
cda5e147-5199-4b20-8901-9cd7c42bc546,Korrie,Fairweather,Korrie.Fairweather@gmail.com